-- AEROPUERTOS 
insert into aeropuerto(id_aeropuerto, 
	nombre, 
	localidad, 
	provincia) values
('AEP','Aeroparque Jorge Newbery','Buenos Aires','C.A.B.A.'),
('EZE','Aeropuerto Internacional Ministro Pistarini','Ezeiza','Buenos Aires'),
('BRC','Aeropuerto Internacional Teniente Luis Candelaria','San Carlos de Bariloche','Río Negro'),
('CRD','Aeropuerto Internacional General Enrique Mosconi','Comodoro Rivadavia','Chubut'),
('COR','Aeropuerto Internacional Ingeniero Ambrosio Taravella','Córdoba','Córdoba'),
('CNQ','Aeropuerto Internacional Doctor Fernando Piragine Niveyro','Corrientes','Corrientes'),
('FTE','Aeropuerto Internacional Comandante Armando Tola','El Calafate','Santa Cruz'),
('IGR','Aeropuerto Internacional Cataratas del Iguazú Mayor D. Carlos Eduardo Krause','Puerto Iguazú','Misiones'),
('JUJ','Aeropuerto Internacional Gobernador Horacio Guzmán','San Salvador de Jujuy','Jujuy'),
('MDZ','Aeropuerto Internacional Gobernador Francisco Gabrielli','El Plumerillo','Mendoza'),
('NQN','Aeropuerto Internacional Presidente Perón','Neuquén','Neuquén'),
('PSS','Aeropuerto Internacional Libertador General José de San Martín','Posadas','Misiones'),
('PMY','Aeropuerto El Tehuelche','Puerto Madryn','Chubut'),
('SLA','Aeropuerto Internacional General Martín Miguel de Güemes','Salta','Salta'),
('UAQ','Aeropuerto Internacional Domingo Faustino Sarmiento','San Juan','San Juan'),
('SDE','Aeropuerto Vicecomodoro Ángel de la Paz Aragonés','Santiago del Estero','Santiago del Estero'),
	('REL','Aeropuerto Internacional Almirante Marcos A. Zar','Trelew','Chubut'),
('TUC','Aeropuerto Internacional Teniente Benjamín Matienzo','San Miguel de Tucumán','Tucumán'),
('USH','Aeropuerto Internacional Malvinas Argentinas','Ushuaia','Tierra del Fuego');

-- RUTAS
insert into ruta (nro_ruta,
	id_aeropuerto_origen, 
	id_aeropuerto_destino,
	duracion) values
(5050, 'AEP', 'MDZ', '2 hours'),
(5051, 'MDZ', 'AEP', '1 hour 40 minutes'),
(5100, 'EZE', 'IGR', '2 hours'),
(5101, 'IGR', 'AEP', '2 hours'),
(5103, 'IGR', 'EZE', '2 hours'),
(5150, 'AEP', 'CNQ', '1 hour 35 minutes'),
(5151, 'CNQ', 'AEP', '1 hour 30 minutes'),
(5160, 'EZE', 'SLA', '2 hours 10 minutes'),
(5161, 'SLA', 'EZE', '2 hours 5 minutes'),
(5230, 'AEP', 'SDE', '1 hour 45 minutes'),
(5231, 'SDE', 'AEP', '1 hour 40 minutes'),
(5450, 'COR', 'FTE', '3 hours 25 minutes'),
(5451, 'FTE', 'COR', '3 hours 15 minutes'),
(5480, 'COR', 'SLA', '1 hour 25 minutes'),
(5481, 'SLA', 'COR', '1 hour 20 minutes'),
(5520, 'COR', 'NQN', '1 hour 45 minutes'),
(5521, 'NQN', 'COR', '1 hour 35 minutes'),
(5540, 'USH', 'FTE', '1 hour 20 minutes'),
(5541, 'FTE', 'USH', '1 hour 20 minutes'),
(5550, 'EZE', 'FTE', '3 hours 15 minutes'),
(5551, 'FTE', 'AEP', '3 hours');


-- CLIENTES
insert into cliente (id_cliente, 
	nombre, 
	apellido, 
	dni, 
	fecha_nacimiento, 
	telefono, 
	email) values
(1, 'Ken', 'Thompson', 5153057, '1995-05-05', '15-2889-7948', 'ken@thompson.org'),
(2, 'Dennis', 'Ritchie', 25610126, '1955-04-11', '15-7811-5045', 'dennis@ritchie.org'),
(3, 'Donald', 'Knuth', 9168297, '1984-04-05', '15-2780-6005', 'don@knuth.org'),
(4, 'Rob', 'Pike', 4915593, '1946-08-16', '15-1114-9719', 'rob@pike.org'),
(5, 'Douglas', 'McIlroy', 33187055, '1939-06-09', '15-9625-0245', 'douglas@mcilroy.org'),
(6, 'Brian', 'Kernighan', 13897948, '1992-11-22', '15-6410-6066', 'brian@kernighan.org'),
(7, 'Bill', 'Joy', 34115045, '1954-02-04', '15-4215-8655', 'bill@joy.org'),
(8, 'Marshall Kirk', 'McKusick', 9806005, '1995-12-27', '15-5197-4379', 'marshall_kirk@mckusick.org'),
(9, 'Theo', 'de Raadt', 5149719, '1950-02-07', '15-6470-9444', 'theo@deraadt.org'),
(10, 'Cristina', 'Kirchner', 6250245, '1990-08-17', '15-5291-0113', 'cfk@fpv.gov.ar'),
(11, 'Diego', 'Maradona', 19158655, '1985-02-27', '15-3361-4854', 'diego@dios.com.ar'),
(12, 'Martín', 'Palermo', 5974379, '1918-06-09', '15-9877-3169', 'martin@palermo.com.ar'),
(13, 'Guillermo', 'Barros Schelotto', 3910113, '1982-05-03', '15-5020-5695', 'guille@melli.com.ar'),
(14, 'Susú', 'Pecoraro', 7547862, '1935-04-03', '15-6695-9505', 'susu@pecoraro.com.ar'),
(15, 'Norma', 'Aleandro', 26614854, '1992-03-18', '15-9155-4115', 'norma@aleandro.com.ar'),
(16, 'Soledad', 'Silveyra', 7773169, '1957-07-28', '15-9184-4522', 'sole@silveyra.com.ar'),
(17, 'Libertad', 'Lamarque', 32205695, '1971-03-07', '15-6363-9690', 'libertad@lamarque.com.ar'),
(18, 'Ana María', 'Picchio', 19020903, '1946-08-06', '15-4819-2117', 'ana.maria@picchio.com.ar'),
(19, 'Niní', 'Marshall', 10535508, '1951-09-07', '15-9799-6045', 'nini@marshall.com'),
(20, 'Claudia', 'Lapacó', 30934609, '1961-08-03', '15-2005-4879', 'claudia@lapaco.com.ar');

-- DATOS DE PRUEBA
insert into datos_de_prueba (
    id_orden,
    operacion,
    nro_ruta,
    f_salida_vuelo,
    nro_asientos_totales,
    id_vuelo,
    id_cliente,
    id_reserva,
    nro_asiento
) values
(1, 'apertura', 5051, '2025-10-28 15:00', 170, NULL, NULL, NULL, NULL),
(2, 'apertura', 5051, '2025-11-29 15:00', 0, NULL, NULL, NULL, NULL),
(3, 'apertura', 5000, '2025-11-29 15:00', 170, NULL, NULL, NULL, NULL),
(4, 'apertura', 5050, '2025-11-30 14:00', 170, NULL, NULL, NULL, NULL),
(5, 'apertura', 5161, '2025-11-30 15:00', 2, NULL, NULL, NULL, NULL),
(6, 'reserva', NULL, NULL, NULL, 2, 15, NULL, NULL),
(7, 'reserva', NULL, NULL, NULL, 1, 10, NULL, NULL),
(8, 'reserva', NULL, NULL, NULL, 2, 20, NULL, NULL),
(9, 'reserva', NULL, NULL, NULL, 3, 10, NULL, NULL),
(10, 'check-in', NULL, NULL, NULL, NULL, 15, 1, 3),
(11, 'check-in', NULL, NULL, NULL, NULL, 15, 1, 1),
(12, 'check-in', NULL, NULL, NULL, NULL, 10, 2, 40),
(13, 'check-in', NULL, NULL, NULL, NULL, 15, 1, 2),
(14, 'check-in', NULL, NULL, NULL, NULL, 20, 3, 1),
(15, 'check-in', NULL, NULL, NULL, NULL, 20, 3, 2),
(16, 'reserva', NULL, NULL, NULL, 2, 5, NULL, NULL),
(17, 'reserva', NULL, NULL, NULL, 1, 5, NULL, NULL),
(18, 'anulacion', NULL, NULL, NULL, NULL, 20, 3, NULL),
(19, 'anulacion', NULL, NULL, NULL, NULL, 5, 3, NULL),
(20, 'anulacion', NULL, NULL, NULL, NULL, 5, 4, NULL);
